Workbook

Sheet Special_Chart
I37: ="Month and Year" -> Month and Year | J37: ="# WO" -> # WO | K37: ="# late WO" -> # late WO | L37: ="% WO on Time" -> % WO on Time | M37: ="# samples" -> # samples | N37: ="# late samples" -> # late samples | O37: ="% sample on time" -> % sample on time
I38: =KPI_Special!A651 -> 07 2024 | J38: =KPI_Special!K651 -> 8 | K38: =KPI_Special!J651 -> 7 | L38: =KPI_Special!L651 -> 0.125 | M38: =KPI_Special!M651 -> 25 | N38: =KPI_Special!N651 -> 19 | O38: =KPI_Special!O651 -> 0.24
I39: =KPI_Special!A652 -> 08 2024 | J39: =KPI_Special!K652 -> 11 | K39: =KPI_Special!J652 -> 8 | L39: =KPI_Special!L652 -> 0.27272727 | M39: =KPI_Special!M652 -> 25 | N39: =KPI_Special!N652 -> 18 | O39: =KPI_Special!O652 -> 0.28
I40: =KPI_Special!A653 -> 09 2024 | J40: =KPI_Special!K653 -> 15 | K40: =KPI_Special!J653 -> 15 | L40: =KPI_Special!L653 -> 0 | M40: =KPI_Special!M653 -> 55 | N40: =KPI_Special!N653 -> 55 | O40: =KPI_Special!O653 -> 0
I41: =KPI_Special!A654 -> 10 2024 | J41: =KPI_Special!K654 -> 18 | K41: =KPI_Special!J654 -> 15 | L41: =KPI_Special!L654 -> 0.16666667 | M41: =KPI_Special!M654 -> 102 | N41: =KPI_Special!N654 -> 70 | O41: =KPI_Special!O654 -> 0.31372549
I42: =KPI_Special!A655 -> 11 2024 | J42: =KPI_Special!K655 -> 30 | K42: =KPI_Special!J655 -> 28 | L42: =KPI_Special!L655 -> 0.066666667 | M42: =KPI_Special!M655 -> 75 | N42: =KPI_Special!N655 -> 73 | O42: =KPI_Special!O655 -> 0.026666667
I43: =KPI_Special!A656 -> 12 2024 | J43: =KPI_Special!K656 -> 32 | K43: =KPI_Special!J656 -> 32 | L43: =KPI_Special!L656 -> 0 | M43: =KPI_Special!M656 -> 70 | N43: =KPI_Special!N656 -> 70 | O43: =KPI_Special!O656 -> 0
I44: =KPI_Special!A657 -> 01 2025 | J44: =KPI_Special!K657 -> 14 | K44: =KPI_Special!J657 -> 14 | L44: =KPI_Special!L657 -> 0 | M44: =KPI_Special!M657 -> 25 | N44: =KPI_Special!N657 -> 25 | O44: =KPI_Special!O657 -> 0
I45: =KPI_Special!A658 -> 02 2025 | J45: =KPI_Special!K658 -> 13 | K45: =KPI_Special!J658 -> 12 | L45: =KPI_Special!L658 -> 0.076923077 | M45: =KPI_Special!M658 -> 159 | N45: =KPI_Special!N658 -> 29 | O45: =KPI_Special!O658 -> 0.81761006
I46: =KPI_Special!A659 -> 03 2025 | J46: =KPI_Special!K659 -> 33 | K46: =KPI_Special!J659 -> 31 | L46: =KPI_Special!L659 -> 0.060606061 | M46: =KPI_Special!M659 -> 92 | N46: =KPI_Special!N659 -> 86 | O46: =KPI_Special!O659 -> 0.065217391
I47: =KPI_Special!A660 -> 04 2025 | J47: =KPI_Special!K660 -> 19 | K47: =KPI_Special!J660 -> 18 | L47: =KPI_Special!L660 -> 0.052631579 | M47: =KPI_Special!M660 -> 90 | N47: =KPI_Special!N660 -> 89 | O47: =KPI_Special!O660 -> 0.011111111
I48: =KPI_Special!A661 -> 05 2025 | J48: =KPI_Special!K661 -> 12 | K48: =KPI_Special!J661 -> 12 | L48: =KPI_Special!L661 -> 0 | M48: =KPI_Special!M661 -> 34 | N48: =KPI_Special!N661 -> 34 | O48: =KPI_Special!O661 -> 0
I49: =KPI_Special!A662 -> 06 2025 | J49: =KPI_Special!K662 -> 16 | K49: =KPI_Special!J662 -> 15 | L49: =KPI_Special!L662 -> 0.0625 | M49: =KPI_Special!M662 -> 30 | N49: =KPI_Special!N662 -> 29 | O49: =KPI_Special!O662 -> 0.033333333
... I63: =KPI_Special!A676 -> 08 2026 | J63: =KPI_Special!K676 -> 4 | K63: =KPI_Special!J676 -> 0 | L63: =KPI_Special!L676 -> 1 | M63: =KPI_Special!M676 -> 8 | N63: =KPI_Special!N676 -> 0 | O63: =KPI_Special!O676 -> 1
J64: =KPI_Special!K677 -> 410 | K64: =KPI_Special!J677 -> 361 | L64: =KPI_Special!L677 -> 0.1195122 | M64: =KPI_Special!M677 -> 1303 | N64: =KPI_Special!N677 -> 1024 | O64: =KPI_Special!O677 -> 0.21412126

Sheet Monthly_Chart
I37: ="Month and Year" -> Month and Year | J37: ="# WO" -> # WO | K37: ="# late WO" -> # late WO | L37: ="% WO on Time" -> % WO on Time | M37: ="# samples" -> # samples | N37: ="# late samples" -> # late samples | O37: ="% sample on time" -> % sample on time
I38: =KPI_Monthly!A625 -> 07 2024 | J38: =KPI_Monthly!K625 -> 4 | K38: =KPI_Monthly!J625 -> 1 | L38: =KPI_Monthly!L625 -> 0.75 | M38: =KPI_Monthly!M625 -> 142 | N38: =KPI_Monthly!N625 -> 4 | O38: =KPI_Monthly!O625 -> 0.97183099
I39: =KPI_Monthly!A626 -> 08 2024 | J39: =KPI_Monthly!K626 -> 22 | K39: =KPI_Monthly!J626 -> 13 | L39: =KPI_Monthly!L626 -> 0.40909091 | M39: =KPI_Monthly!M626 -> 366 | N39: =KPI_Monthly!N626 -> 216 | O39: =KPI_Monthly!O626 -> 0.40983607
I40: =KPI_Monthly!A627 -> 09 2024 | J40: =KPI_Monthly!K627 -> 16 | K40: =KPI_Monthly!J627 -> 14 | L40: =KPI_Monthly!L627 -> 0.125 | M40: =KPI_Monthly!M627 -> 354 | N40: =KPI_Monthly!N627 -> 119 | O40: =KPI_Monthly!O627 -> 0.66384181
I41: =KPI_Monthly!A628 -> 10 2024 | J41: =KPI_Monthly!K628 -> 25 | K41: =KPI_Monthly!J628 -> 14 | L41: =KPI_Monthly!L628 -> 0.44 | M41: =KPI_Monthly!M628 -> 384 | N41: =KPI_Monthly!N628 -> 213 | O41: =KPI_Monthly!O628 -> 0.4453125
I42: =KPI_Monthly!A629 -> 11 2024 | J42: =KPI_Monthly!K629 -> 15 | K42: =KPI_Monthly!J629 -> 11 | L42: =KPI_Monthly!L629 -> 0.26666667 | M42: =KPI_Monthly!M629 -> 383 | N42: =KPI_Monthly!N629 -> 144 | O42: =KPI_Monthly!O629 -> 0.62402089
I43: =KPI_Monthly!A630 -> 12 2024 | J43: =KPI_Monthly!K630 -> 27 | K43: =KPI_Monthly!J630 -> 23 | L43: =KPI_Monthly!L630 -> 0.14814815 | M43: =KPI_Monthly!M630 -> 352 | N43: =KPI_Monthly!N630 -> 228 | O43: =KPI_Monthly!O630 -> 0.35227273
I44: =KPI_Monthly!A631 -> 01 2025 | J44: =KPI_Monthly!K631 -> 14 | K44: =KPI_Monthly!J631 -> 12 | L44: =KPI_Monthly!L631 -> 0.14285714 | M44: =KPI_Monthly!M631 -> 318 | N44: =KPI_Monthly!N631 -> 85 | O44: =KPI_Monthly!O631 -> 0.7327044
I45: =KPI_Monthly!A632 -> 02 2025 | J45: =KPI_Monthly!K632 -> 17 | K45: =KPI_Monthly!J632 -> 16 | L45: =KPI_Monthly!L632 -> 0.058823529 | M45: =KPI_Monthly!M632 -> 326 | N45: =KPI_Monthly!N632 -> 212 | O45: =KPI_Monthly!O632 -> 0.34969325
I46: =KPI_Monthly!A633 -> 03 2025 | J46: =KPI_Monthly!K633 -> 11 | K46: =KPI_Monthly!J633 -> 10 | L46: =KPI_Monthly!L633 -> 0.090909091 | M46: =KPI_Monthly!M633 -> 336 | N46: =KPI_Monthly!N633 -> 188 | O46: =KPI_Monthly!O633 -> 0.44047619
I47: =KPI_Monthly!A634 -> 04 2025 | J47: =KPI_Monthly!K634 -> 17 | K47: =KPI_Monthly!J634 -> 15 | L47: =KPI_Monthly!L634 -> 0.11764706 | M47: =KPI_Monthly!M634 -> 335 | N47: =KPI_Monthly!N634 -> 96 | O47: =KPI_Monthly!O634 -> 0.71343284
I48: =KPI_Monthly!A635 -> 05 2025 | J48: =KPI_Monthly!K635 -> 8 | K48: =KPI_Monthly!J635 -> 6 | L48: =KPI_Monthly!L635 -> 0.25 | M48: =KPI_Monthly!M635 -> 337 | N48: =KPI_Monthly!N635 -> 89 | O48: =KPI_Monthly!O635 -> 0.73590504
I49: =KPI_Monthly!A636 -> 06 2025 | J49: =KPI_Monthly!K636 -> 10 | K49: =KPI_Monthly!J636 -> 7 | L49: =KPI_Monthly!L636 -> 0.3 | M49: =KPI_Monthly!M636 -> 322 | N49: =KPI_Monthly!N636 -> 90 | O49: =KPI_Monthly!O636 -> 0.72049689
... I63: =KPI_Monthly!A650 -> 08 2026 | J63: =KPI_Monthly!K650 -> 3 | K63: =KPI_Monthly!J650 -> 0 | L63: =KPI_Monthly!L650 -> 1 | M63: =KPI_Monthly!M650 -> 27 | N63: =KPI_Monthly!N650 -> 0 | O63: =KPI_Monthly!O650 -> 1
J64: =KPI_Monthly!K651 -> 384 | K64: =KPI_Monthly!J651 -> 265 | L64: =KPI_Monthly!L651 -> 0.30989583 | M64: =KPI_Monthly!M651 -> 8326 | N64: =KPI_Monthly!N651 -> 3292 | O64: =KPI_Monthly!O651 -> 0.60461206

Sheet KPI_Special
A3: Special KPI: 2024
A4: July
A6: Project Name | B6: Work Order | C6: Sample Period Ending | D6: Month and Year | E6: Sample Release Date | F6: Last Sample Rec. Date | G6: Report Due Date | H6: Report Type | I6: Late | J6: Count Of Late WO | K6: Count of WO | L6: Percent WO on Time | M6: Count Of Samples | N6: Count of Late Samples | O6: Percent Samp on Time | P6: Year | Q6: Month | R6: Month_Year | S6: Year_Range
A7: TSSP | B7: Q-8310 | C7: 45488 | D7: 07/2024 | E7: 08/13/2024 | F7: 07/29/2024 | G7: 45498 | H7: Special | I7: Late | J7: 1 | K7: 1 | L7: 0 | M7: 2 | N7: 2 | O7: 0 | P7: 2024 | Q7: July | R7: 072024 | S7: 2024 To 2026
A8: TSSP | B8: Q-8309 | C8: 45488 | D8: 07/2024 | E8: 08/13/2024 | F8: 07/29/2024 | G8: 45498 | H8: Special | I8: Late | J8: 1 | K8: 1 | L8: 0 | M8: 2 | N8: 2 | O8: 0 | P8: 2024 | Q8: July | R8: 072024 | S8: 2024 To 2026
A9: TSSP | B9: Q-8311 | C9: 45488 | D9: 07/2024 | E9: 08/13/2024 | F9: 07/19/2024 | G9: 45498 | H9: Special | I9: Late | J9: 1 | K9: 1 | L9: 0 | M9: 3 | N9: 3 | O9: 0 | P9: 2024 | Q9: July | R9: 072024 | S9: 2024 To 2026
A10: TSSP | B10: Q-8312 | C10: 45488 | D10: 07/2024 | E10: 08/21/2024 | F10: 07/22/2024 | G10: 45498 | H10: Special | I10: Late | J10: 1 | K10: 1 | L10: 0 | M10: 4 | N10: 4 | O10: 0 | P10: 2024 | Q10: July | R10: 072024 | S10: 2024 To 2026
A11: TSSP | B11: Q-8306 | C11: 45490 | D11: 07/2024 | E11: 08/05/2024 | F11: 07/22/2024 | G11: 45500 | H11: Special | I11: Late | J11: 1 | K11: 1 | L11: 0 | M11: 2 | N11: 2 | O11: 0 | P11: 2024 | Q11: July | R11: 072024 | S11: 2024 To 2026
A12: TSSP | B12: Q-8307 | C12: 45490 | D12: 07/2024 | E12: 08/05/2024 | F12: 07/22/2024 | G12: 45500 | H12: Special | I12: Late | J12: 1 | K12: 1 | L12: 0 | M12: 2 | N12: 2 | O12: 0 | P12: 2024 | Q12: July | R12: 072024 | S12: 2024 To 2026
A13: TSSP | B13: Q-8314 | C13: 45502 | D13: 07/2024 | E13: 08/07/2024 | F13: 08/02/2024 | G13: 45512 | H13: Special | J13: 0 | K13: 1 | L13: 1 | M13: 6 | N13: 0 | O13: 1 | P13: 2024 | Q13: July | R13: 072024 | S13: 2024 To 2026
A14: TSSP | B14: Q-8323 | C14: 45504 | D14: 07/2024 | E14: 08/21/2024 | F14: 08/05/2024 | G14: 45514 | H14: Special | I14: Late | J14: 1 | K14: 1 | L14: 0 | M14: 4 | N14: 4 | O14: 0 | P14: 2024 | Q14: July | R14: 072024 | S14: 2024 To 2026
I15: Totals: | J15: =SUM(J7:J14) -> 7 | K15: =SUM(K7:K14) -> 8 | L15: =(SUM(K7:K14) - SUM(J7:J14)) / SUM(K7:K14) -> 0.125 | M15: =SUM(M7:M14) -> 25 | N15: =SUM(N7:N14) -> 19 | O15: =(SUM(M7:M14) - SUM(N7:N14)) / SUM(M7:M14) -> 0.24
A20: Special KPI: 2024
A21: August
A23: Project Name | B23: Work Order | C23: Sample Period Ending | D23: Month and Year | E23: Sample Release Date | F23: Last Sample Rec. Date | G23: Report Due Date | H23: Report Type | I23: Late | J23: Count Of Late WO | K23: Count of WO | L23: Percent WO on Time | M23: Count Of Samples | N23: Count of Late Samples | O23: Percent Samp on Time | P23: Year | Q23: Month | R23: Month_Year | S23: Year_Range
A24: TSSP | B24: Q-8332 | C24: 45507 | D24: 08/2024 | E24: 08/13/2024 | F24: 08/07/2024 | G24: 45517 | H24: Special | J24: 0 | K24: 1 | L24: 1 | M24: 2 | N24: 0 | O24: 1 | P24: 2024 | Q24: August | R24: 082024 | S24: 2024 To 2026
A25: TSSP | B25: Q-8324 | C25: 45511 | D25: 08/2024 | E25: 08/27/2024 | F25: 08/16/2024 | G25: 45521 | H25: Special | I25: Late | J25: 1 | K25: 1 | L25: 0 | M25: 4 | N25: 4 | O25: 0 | P25: 2024 | Q25: August | R25: 082024 | S25: 2024 To 2026
A26: TSSP | B26: Q-8327 | C26: 45512 | D26: 08/2024 | E26: 09/10/2024 | F26: 08/22/2024 | G26: 45522 | H26: Special | I26: Late | J26: 1 | K26: 1 | L26: 0 | M26: 3 | N26: 3 | O26: 0 | P26: 2024 | Q26: August | R26: 082024 | S26: 2024 To 2026
A27: TSSP | B27: Q-8326 | C27: 45512 | D27: 08/2024 | E27: 09/06/2024 | F27: 08/19/2024 | G27: 45522 | H27: Special | I27: Late | J27: 1 | K27: 1 | L27: 0 | M27: 2 | N27: 2 | O27: 0 | P27: 2024 | Q27: August | R27: 082024 | S27: 2024 To 2026
A28: TSSP | B28: Q-8325 | C28: 45512 | D28: 08/2024 | E28: 09/06/2024 | F28: 08/22/2024 | G28: 45522 | H28: Special | I28: Late | J28: 1 | K28: 1 | L28: 0 | M28: 2 | N28: 2 | O28: 0 | P28: 2024 | Q28: August | R28: 082024 | S28: 2024 To 2026
A29: TSSP | B29: Q-8329 | C29: 45515 | D29: 08/2024 | E29: 08/27/2024 | F29: 08/16/2024 | G29: 45525 | H29: Special | I29: Late | J29: 1 | K29: 1 | L29: 0 | M29: 1 | N29: 1 | O29: 0 | P29: 2024 | Q29: August | R29: 082024 | S29: 2024 To 2026
A30: TSSP | B30: Q-8328 | C30: 45515 | D30: 08/2024 | E30: 08/21/2024 | F30: 08/15/2024 | G30: 45525 | H30: Special | J30: 0 | K30: 1 | L30: 1 | M30: 1 | N30: 0 | O30: 1 | P30: 2024 | Q30: August | R30: 082024 | S30: 2024 To 2026
A31: TSSP | B31: Q-8330 | C31: 45519 | D31: 08/2024 | E31: 08/27/2024 | F31: 08/16/2024 | G31: 45529 | H31: Special | I31: Late | J31: 1 | K31: 1 | L31: 0 | M31: 2 | N31: 2 | O31: 0 | P31: 2024 | Q31: August | R31: 082024 | S31: 2024 To 2026
A32: TSSP | B32: Q-8331 | C32: 45519 | D32: 08/2024 | E32: 08/27/2024 | F32: 08/16/2024 | G32: 45529 | H32: Special | I32: Late | J32: 1 | K32: 1 | L32: 0 | M32: 2 | N32: 2 | O32: 0 | P32: 2024 | Q32: August | R32: 082024 | S32: 2024 To 2026
A33: TSSP | B33: Q-8336 | C33: 45530 | D33: 08/2024 | E33: 09/23/2024 | F33: 09/03/2024 | G33: 45540 | H33: Special | I33: Late | J33: 1 | K33: 1 | L33: 0 | M33: 2 | N33: 2 | O33: 0 | P33: 2024 | Q33: August | R33: 082024 | S33: 2024 To 2026
A34: TSSP | B34: Q-8334 | C34: 45535 | D34: 08/2024 | E34: 08/21/2024 | F34: 08/09/2024 | G34: 45545 | H34: Special | J34: 0 | K34: 1 | L34: 1 | M34: 4 | N34: 0 | O34: 1 | P34: 2024 | Q34: August | R34: 082024 | S34: 2024 To 2026
I35: Totals: | J35: =SUM(J24:J34) -> 8 | K35: =SUM(K24:K34) -> 11 | L35: =(SUM(K24:K34) - SUM(J24:J34)) / SUM(K24:K34) -> 0.27272727 | M35: =SUM(M24:M34) -> 25 | N35: =SUM(N24:N34) -> 18 | O35: =(SUM(M24:M34) - SUM(N24:N34)) / SUM(M24:M34) -> 0.28
A40: Special KPI: 2024
A41: September
A43: Project Name | B43: Work Order | C43: Sample Period Ending | D43: Month and Year | E43: Sample Release Date | F43: Last Sample Rec. Date | G43: Report Due Date | H43: Report Type | I43: Late | J43: Count Of Late WO | K43: Count of WO | L43: Percent WO on Time | M43: Count Of Samples | N43: Count of Late Samples | O43: Percent Samp on Time | P43: Year | Q43: Month | R43: Month_Year | S43: Year_Range
A44: TSSP | B44: Q-8348 | C44: 45538 | D44: 09/2024 | E44: 09/23/2024 | F44: 09/09/2024 | G44: 45548 | H44: Special | I44: Late | J44: 1 | K44: 1 | L44: 0 | M44: 1 | N44: 1 | O44: 0 | P44: 2024 | Q44: September | R44: 092024 | S44: 2024 To 2026
A45: TSSP | B45: Q-8347 | C45: 45538 | D45: 09/2024 | E45: 09/27/2024 | F45: 09/17/2024 | G45: 45548 | H45: Special | I45: Late | J45: 1 | K45: 1 | L45: 0 | M45: 4 | N45: 4 | O45: 0 | P45: 2024 | Q45: September | R45: 092024 | S45: 2024 To 2026
A46: TSSP | B46: Q-8344 | C46: 45539 | D46: 09/2024 | E46: 09/23/2024 | F46: 09/10/2024 | G46: 45549 | H46: Special | I46: Late | J46: 1 | K46: 1 | L46: 0 | M46: 2 | N46: 2 | O46: 0 | P46: 2024 | Q46: September | R46: 092024 | S46: 2024 To 2026
A47: TSSP | B47: Q-8346 | C47: 45545 | D47: 09/2024 | E47: 09/25/2024 | F47: 09/10/2024 | G47: 45555 | H47: Special | I47: Late | J47: 1 | K47: 1 | L47: 0 | M47: 6 | N47: 6 | O47: 0 | P47: 2024 | Q47: September | R47: 092024 | S47: 2024 To 2026
A48: TSSP | B48: Q-8343 | C48: 45545 | D48: 09/2024 | E48: 09/26/2024 | F48: 09/17/2024 | G48: 45555 | H48: Special | I48: Late | J48: 1 | K48: 1 | L48: 0 | M48: 1 | N48: 1 | O48: 0 | P48: 2024 | Q48: September | R48: 092024 | S48: 2024 To 2026
A49: TSSP | B49: Q-8347 | C49: 45545 | D49: 09/2024 | E49: 09/27/2024 | F49: 09/17/2024 | G49: 45555 | H49: Special | I49: Late | J49: 1 | K49: 1 | L49: 0 | M49: 5 | N49: 5 | O49: 0 | P49: 2024 | Q49: September | R49: 092024 | S49: 2024 To 2026
A50: TSSP | B50: Q-8355 | C50: 45550 | D50: 09/2024 | E50: 10/14/2024 | F50: 09/24/2024 | G50: 45560 | H50: Special | I50: Late | J50: 1 | K50: 1 | L50: 0 | M50: 12 | N50: 12 | O50: 0 | P50: 2024 | Q50: September | R50: 092024 | S50: 2024 To 2026
A51: TSSP | B51: Q-8345 | C51: 45550 | D51: 09/2024 | E51: 09/27/2024 | F51: 09/23/2024 | G51: 45560 | H51: Special | I51: Late | J51: 1 | K51: 1 | L51: 0 | M51: 2 | N51: 2 | O51: 0 | P51: 2024 | Q51: September | R51: 092024 | S51: 2024 To 2026
A52: TSSP | B52: Q-8353 | C52: 45550 | D52: 09/2024 | E52: 10/14/2024 | F52: 09/24/2024 | G52: 45560 | H52: Special | I52: Late | J52: 1 | K52: 1 | L52: 0 | M52: 2 | N52: 2 | O52: 0 | P52: 2024 | Q52: September | R52: 092024 | S52: 2024 To 2026
A53: TSSP | B53: Q-8354 | C53: 45550 | D53: 09/2024 | E53: 09/27/2024 | F53: 09/19/2024 | G53: 45560 | H53: Special | I53: Late | J53: 1 | K53: 1 | L53: 0 | M53: 2 | N53: 2 | O53: 0 | P53: 2024 | Q53: September | R53: 092024 | S53: 2024 To 2026
A54: TSSP | B54: Q-8352 | C54: 45551 | D54: 09/2024 | E54: 09/27/2024 | F54: 09/17/2024 | G54: 45561 | H54: Special | I54: Late | J54: 1 | K54: 1 | L54: 0 | M54: 3 | N54: 3 | O54: 0 | P54: 2024 | Q54: September | R54: 092024 | S54: 2024 To 2026
A55: TSSP | B55: Q-8351 | C55: 45551 | D55: 09/2024 | E55: 10/14/2024 | F55: 09/30/2024 | G55: 45561 | H55: Special | I55: Late | J55: 1 | K55: 1 | L55: 0 | M55: 2 | N55: 2 | O55: 0 | P55: 2024 | Q55: September | R55: 092024 | S55: 2024 To 2026
... A58: TSSP | B58: Q-8358 | C58: 45557 | D58: 09/2024 | E58: 10/21/2024 | F58: 09/26/2024 | G58: 45567 | H58: Special | I58: Late | J58: 1 | K58: 1 | L58: 0 | M58: 3 | N58: 3 | O58: 0 | P58: 2024 | Q58: September | R58: 092024 | S58: 2024 To 2026
I59: Totals: | J59: =SUM(J44:J58) -> 15 | K59: =SUM(K44:K58) -> 15 | L59: =(SUM(K44:K58) - SUM(J44:J58)) / SUM(K44:K58) -> 0 | M59: =SUM(M44:M58) -> 55 | N59: =SUM(N44:N58) -> 55 | O59: =(SUM(M44:M58) - SUM(N44:N58)) / SUM(M44:M58) -> 0
A64: Special KPI: 2024
A65: October
A67: Project Name | B67: Work Order | C67: Sample Period Ending | D67: Month and Year | E67: Sample Release Date | F67: Last Sample Rec. Date | G67: Report Due Date | H67: Report Type | I67: Late | J67: Count Of Late WO | K67: Count of WO | L67: Percent WO on Time | M67: Count Of Samples | N67: Count of Late Samples | O67: Percent Samp on Time | P67: Year | Q67: Month | R67: Month_Year | S67: Year_Range
A68: TSSP | B68: Q-8376 | C68: 45569 | D68: 10/2024 | E68: 10/21/2024 | F68: 10/14/2024 | G68: 45579 | H68: Special | I68: Late | J68: 1 | K68: 1 | L68: 0 | M68: 2 | N68: 2 | O68: 0 | P68: 2024 | Q68: October | R68: 102024 | S68: 2024 To 2026
A69: TSSP | B69: Q-8377 | C69: 45569 | D69: 10/2024 | E69: 10/21/2024 | F69: 10/09/2024 | G69: 45579 | H69: Special | I69: Late | J69: 1 | K69: 1 | L69: 0 | M69: 2 | N69: 2 | O69: 0 | P69: 2024 | Q69: October | R69: 102024 | S69: 2024 To 2026
A70: TSSP | B70: Q-8385 | C70: 45569 | D70: 10/2024 | E70: 12/04/2024 | F70: 10/04/2024 | G70: 45579 | H70: Special | I70: Late | J70: 1 | K70: 1 | L70: 0 | M70: 33 | N70: 33 | O70: 0 | P70: 2024 | Q70: October | R70: 102024 | S70: 2024 To 2026
A71: TSSP | B71: Q-8378 | C71: 45570 | D71: 10/2024 | G71: 45580 | H71: Special | I71: Unknown | J71: 0 | K71: 1 | L71: 1 | M71: 2 | N71: 0 | O71: 1 | P71: 2024 | Q71: October | R71: 102024 | S71: 2024 To 2026
A72: TSSP | B72: Q-8379 | C72: 45570 | D72: 10/2024 | E72: 10/21/2024 | F72: 10/07/2024 | G72: 45580 | H72: Special | I72: Late | J72: 1 | K72: 1 | L72: 0 | M72: 2 | N72: 2 | O72: 0 | P72: 2024 | Q72: October | R72: 102024 | S72: 2024 To 2026
A73: TSSP | B73: Q-8380 | C73: 45570 | D73: 10/2024 | E73: 10/22/2024 | F73: 10/15/2024 | G73: 45580 | H73: Special | I73: Late | J73: 1 | K73: 1 | L73: 0 | M73: 6 | N73: 6 | O73: 0 | P73: 2024 | Q73: October | R73: 102024 | S73: 2024 To 2026
A74: TSSP | B74: Q-8371 | C74: 45575 | D74: 10/2024 | E74: 11/05/2024 | F74: 10/18/2024 | G74: 45585 | H74: Special | I74: Late | J74: 1 | K74: 1 | L74: 0 | M74: 3 | N74: 3 | O74: 0 | P74: 2024 | Q74: October | R74: 102024 | S74: 2024 To 2026
A75: TSSP | B75: Q-8373 | C75: 45575 | D75: 10/2024 | E75: 11/07/2024 | F75: 10/16/2024 | G75: 45585 | H75: Special | I75: Late | J75: 1 | K75: 1 | L75: 0 | M75: 2 | N75: 2 | O75: 0 | P75: 2024 | Q75: October | R75: 102024 | S75: 2024 To 2026
A76: TSSP | B76: Q-8372 | C76: 45575 | D76: 10/2024 | E76: 11/07/2024 | F76: 10/25/2024 | G76: 45585 | H76: Special | I76: Late | J76: 1 | K76: 1 | L76: 0 | M76: 2 | N76: 2 | O76: 0 | P76: 2024 | Q76: October | R76: 102024 | S76: 2024 To 2026
A77: TSSP | B77: Q-8374 | C77: 45575 | D77: 10/2024 | E77: 10/21/2024 | F77: 10/09/2024 | G77: 45585 | H77: Special | I77: Late | J77: 1 | K77: 1 | L77: 0 | M77: 3 | N77: 3 | O77: 0 | P77: 2024 | Q77: October | R77: 102024 | S77: 2024 To 2026
A78: TSSP | B78: Q-8381 | C78: 45576 | D78: 10/2024 | E78: 10/31/2024 | F78: 10/18/2024 | G78: 45586 | H78: Special | I78: Late | J78: 1 | K78: 1 | L78: 0 | M78: 3 | N78: 3 | O78: 0 | P78: 2024 | Q78: October | R78: 102024 | S78: 2024 To 2026
A79: TSSP | B79: Q-8357 | C79: 45578 | D79: 10/2024 | E79: 10/21/2024 | F79: 10/15/2024 | G79: 45588 | H79: Special | J79: 0 | K79: 1 | L79: 1 | M79: 8 | N79: 0 | O79: 1 | P79: 2024 | Q79: October | R79: 102024 | S79: 2024 To 2026
A80: TSSP | B80: Q-8380 | C80: 45578 | D80: 10/2024 | E80: 10/22/2024 | F80: 10/15/2024 | G80: 45588 | H80: Special | J80: 0 | K80: 1 | L80: 1 | M80: 22 | N80: 0 | O80: 1 | P80: 2024 | Q80: October | R80: 102024 | S80: 2024 To 2026
A81: TSSP | B81: Q-8382 | C81: 45578 | D81: 10/2024 | E81: 10/25/2024 | F81: 10/18/2024 | G81: 45588 | H81: Special | I81: Late | J81: 1 | K81: 1 | L81: 0 | M81: 1 | N81: 1 | O81: 0 | P81: 2024 | Q81: October | R81: 102024 | S81: 2024 To 2026
A82: TSSP | B82: Q-8383 | C82: 45578 | D82: 10/2024 | E82: 11/07/2024 | F82: 11/04/2024 | G82: 45588 | H82: Special | I82: Late | J82: 1 | K82: 1 | L82: 0 | M82: 6 | N82: 6 | O82: 0 | P82: 2024 | Q82: October | R82: 102024 | S82: 2024 To 2026
A83: TSSP | B83: Q-8384 | C83: 45584 | D83: 10/2024 | E83: 11/13/2024 | F83: 10/31/2024 | G83: 45594 | H83: Special | I83: Late | J83: 1 | K83: 1 | L83: 0 | M83: 2 | N83: 2 | O83: 0 | P83: 2024 | Q83: October | R83: 102024 | S83: 2024 To 2026
A84: TSSP | B84: Q-8394 | C84: 45588 | D84: 10/2024 | E84: 05/12/2025 | F84: 10/24/2024 | G84: 45598 | H84: Special | I84: Late | J84: 1 | K84: 1 | L84: 0 | M84: 2 | N84: 2 | O84: 0 | P84: 2024 | Q84: October | R84: 102024 | S84: 2024 To 2026
A85: TSSP | B85: Q-8386 | C85: 45592 | D85: 10/2024 | E85: 11/14/2024 | F85: 10/31/2024 | G85: 45602 | H85: Special | I85: Late | J85: 1 | K85: 1 | L85: 0 | M85: 1 | N85: 1 | O85: 0 | P85: 2024 | Q85: October | R85: 102024 | S85: 2024 To 2026
I86: Totals: | J86: =SUM(J68:J85) -> 15 | K86: =SUM(K68:K85) -> 18 | L86: =(SUM(K68:K85) - SUM(J68:J85)) / SUM(K68:K85) -> 0.16666667 | M86: =SUM(M68:M85) -> 102 | N86: =SUM(N68:N85) -> 70 | O86: =(SUM(M68:M85) - SUM(N68:N85)) / SUM(M68:M85) -> 0.31372549
A91: Special KPI: 2024
A92: November
A94: Project Name | B94: Work Order | C94: Sample Period Ending | D94: Month and Year | E94: Sample Release Date | F94: Last Sample Rec. Date | G94: Report Due Date | H94: Report Type | I94: Late | J94: Count Of Late WO | K94: Count of WO | L94: Percent WO on Time | M94: Count Of Samples | N94: Count of Late Samples | O94: Percent Samp on Time | P94: Year | Q94: Month | R94: Month_Year | S94: Year_Range
A95: TSSP | B95: Q-8399 | C95: 45606 | D95: 11/2024 | E95: 12/20/2024 | F95: 11/22/2024 | G95: 45616 | H95: Special | I95: Late | J95: 1 | K95: 1 | L95: 0 | M95: 2 | N95: 2 | O95: 0 | P95: 2024 | Q95: November | R95: 112024 | S95: 2024 To 2026
A96: TSSP | B96: Q-8396 | C96: 45606 | D96: 11/2024 | E96: 12/04/2024 | F96: 11/18/2024 | G96: 45616 | H96: Special | I96: Late | J96: 1 | K96: 1 | L96: 0 | M96: 1 | N96: 1 | O96: 0 | P96: 2024 | Q96: November | R96: 112024 | S96: 2024 To 2026
A97: TSSP | B97: Q-8397 | C97: 45606 | D97: 11/2024 | E97: 11/26/2024 | F97: 11/11/2024 | G97: 45616 | H97: Special | I97: Late | J97: 1 | K97: 1 | L97: 0 | M97: 3 | N97: 3 | O97: 0 | P97: 2024 | Q97: November | R97: 112024 | S97: 2024 To 2026
A98: TSSP | B98: Q-8398 | C98: 45606 | D98: 11/2024 | E98: 12/20/2024 | F98: 12/02/2024 | G98: 45616 | H98: Special | I98: Late | J98: 1 | K98: 1 | L98: 0 | M98: 2 | N98: 2 | O98: 0 | P98: 2024 | Q98: November | R98: 112024 | S98: 2024 To 2026
A99: TSSP | B99: Q-8395 | C99: 45606 | D99: 11/2024 | E99: 12/20/2024 | F99: 11/15/2024 | G99: 45616 | H99: Special | I99: Late | J99: 1 | K99: 1 | L99: 0 | M99: 1 | N99: 1 | O99: 0 | P99: 2024 | Q99: November | R99: 112024 | S99: 2024 To 2026
A100: TSSP | B100: Q-8400 | C100: 45609 | D100: 11/2024 | E100: 12/04/2024 | F100: 11/18/2024 | G100: 45619 | H100: Special | I100: Late | J100: 1 | K100: 1 | L100: 0 | M100: 3 | N100: 3 | O100: 0 | P100: 2024 | Q100: November | R100: 112024 | S100: 2024 To 2026
A101: TSSP | B101: Q-8401 | C101: 45613 | D101: 11/2024 | E101: 12/04/2024 | F101: 11/21/2024 | G101: 45623 | H101: Special | I101: Late | J101: 1 | K101: 1 | L101: 0 | M101: 3 | N101: 3 | O101: 0 | P101: 2024 | Q101: November | R101: 112024 | S101: 2024 To 2026
A102: TSSP | B102: Q-8402 | C102: 45614 | D102: 11/2024 | E102: 12/04/2024 | F102: 11/21/2024 | G102: 45624 | H102: Special | I102: Late | J102: 1 | K102: 1 | L102: 0 | M102: 2 | N102: 2 | O102: 0 | P102: 2024 | Q102: November | R102: 112024 | S102: 2024 To 2026
A103: TSSP | B103: Q-8403 | C103: 45616 | D103: 11/2024 | E103: 12/20/2024 | F103: 11/27/2024 | G103: 45626 | H103: Special | I103: Late | J103: 1 | K103: 1 | L103: 0 | M103: 4 | N103: 4 | O103: 0 | P103: 2024 | Q103: November | R103: 112024 | S103: 2024 To 2026
A104: TSSP | B104: Q-8405 | C104: 45616 | D104: 11/2024 | E104: 11/26/2024 | F104: 11/22/2024 | G104: 45626 | H104: Special | J104: 0 | K104: 1 | L104: 1 | M104: 1 | N104: 0 | O104: 1 | P104: 2024 | Q104: November | R104: 112024 | S104: 2024 To 2026
A105: TSSP | B105: Q-8404 | C105: 45616 | D105: 11/2024 | E105: 12/04/2024 | F105: 11/22/2024 | G105: 45626 | H105: Special | I105: Late | J105: 1 | K105: 1 | L105: 0 | M105: 6 | N105: 6 | O105: 0 | P105: 2024 | Q105: November | R105: 112024 | S105: 2024 To 2026
A106: TSSP | B106: Q-8411 | C106: 45621 | D106: 11/2024 | G106: 45631 | H106: Special | I106: Unknown | J106: 0 | K106: 1 | L106: 1 | M106: 1 | N106: 0 | O106: 1 | P106: 2024 | Q106: November | R106: 112024 | S106: 2024 To 2026
A107: TSSP | B107: Q-8410 | C107: 45621 | D107: 11/2024 | E107: 12/20/2024 | F107: 12/02/2024 | G107: 45631 | H107: Special | I107: Late | J107: 1 | K107: 1 | L107: 0 | M107: 1 | N107: 1 | O107: 0 | P107: 2024 | Q107: November | R107: 112024 | S107: 2024 To 2026
A108: TSSP | B108: Q-8409 | C108: 45621 | D108: 11/2024 | E108: 12/20/2024 | F108: 12/02/2024 | G108: 45631 | H108: Special | I108: Late | J108: 1 | K108: 1 | L108: 0 | M108: 2 | N108: 2 | O108: 0 | P108: 2024 | Q108: November | R108: 112024 | S108: 2024 To 2026
A109: TSSP | B109: Q-8408 | C109: 45621 | D109: 11/2024 | E109: 12/20/2024 | F109: 12/02/2024 | G109: 45631 | H109: Special | I109: Late | J109: 1 | K109: 1 | L109: 0 | M109: 4 | N109: 4 | O109: 0 | P109: 2024 | Q109: November | R109: 112024 | S109: 2024 To 2026
A110: TSSP | B110: Q-8407 | C110: 45621 | D110: 11/2024 | E110: 12/20/2024 | F110: 12/02/2024 | G110: 45631 | H110: Special | I110: Late | J110: 1 | K110: 1 | L110: 0 | M110: 4 | N110: 4 | O110: 0 | P110: 2024 | Q110: November | R110: 112024 | S110: 2024 To 2026
A111: TSSP | B111: Q-8414 | C111: 45621 | D111: 11/2024 | E111: 12/20/2024 | F111: 11/27/2024 | G111: 45631 | H111: Special | I111: Late | J111: 1 | K111: 1 | L111: 0 | M111: 1 | N111: 1 | O111: 0 | P111: 2024 | Q111: November | R111: 112024 | S111: 2024 To 2026
A112: TSSP | B112: Q-8413 | C112: 45621 | D112: 11/2024 | E112: 12/20/2024 | F112: 11/27/2024 | G112: 45631 | H112: Special | I112: Late | J112: 1 | K112: 1 | L112: 0 | M112: 2 | N112: 2 | O112: 0 | P112: 2024 | Q112: November | R112: 112024 | S112: 2024 To 2026
A113: TSSP | B113: Q-8406 | C113: 45621 | D113: 11/2024 | E113: 12/20/2024 | F113: 12/02/2024 | G113: 45631 | H113: Special | I113: Late | J113: 1 | K113: 1 | L113: 0 | M113: 2 | N113: 2 | O113: 0 | P113: 2024 | Q113: November | R113: 112024 | S113: 2024 To 2026
A114: TSSP | B114: Q-8420 | C114: 45622 | D114: 11/2024 | E114: 12/20/2024 | F114: 12/02/2024 | G114: 45632 | H114: Special | I114: Late | J114: 1 | K114: 1 | L114: 0 | M114: 4 | N114: 4 | O114: 0 | P114: 2024 | Q114: November | R114: 112024 | S114: 2024 To 2026
A115: TSSP | B115: Q-8415 | C115: 45622 | D115: 11/2024 | E115: 12/20/2024 | F115: 12/02/2024 | G115: 45632 | H115: Special | I115: Late | J115: 1 | K115: 1 | L115: 0 | M115: 1 | N115: 1 | O115: 0 | P115: 2024 | Q115: November | R115: 112024 | S115: 2024 To 2026
A116: TSSP | B116: Q-8422 | C116: 45622 | D116: 11/2024 | E116: 12/20/2024 | F116: 12/02/2024 | G116: 45632 | H116: Special | I116: Late | J116: 1 | K116: 1 | L116: 0 | M116: 2 | N116: 2 | O116: 0 | P116: 2024 | Q116: November | R116: 112024 | S116: 2024 To 2026
A117: TSSP | B117: Q-8421 | C117: 45622 | D117: 11/2024 | E117: 12/20/2024 | F117: 12/02/2024 | G117: 45632 | H117: Special | I117: Late | J117: 1 | K117: 1 | L117: 0 | M117: 4 | N117: 4 | O117: 0 | P117: 2024 | Q117: November | R117: 112024 | S117: 2024 To 2026
A118: TSSP | B118: Q-8416 | C118: 45622 | D118: 11/2024 | E118: 12/20/2024 | F118: 12/03/2024 | G118: 45632 | H118: Special | I118: Late | J118: 1 | K118: 1 | L118: 0 | M118: 2 | N118: 2 | O118: 0 | P118: 2024 | Q118: November | R118: 112024 | S118: 2024 To 2026
... A124: TSSP | B124: Q-8437 | C124: 45626 | D124: 11/2024 | E124: 05/12/2025 | F124: 11/21/2024 | G124: 45636 | H124: Special | I124: Late | J124: 1 | K124: 1 | L124: 0 | M124: 1 | N124: 1 | O124: 0 | P124: 2024 | Q124: November | R124: 112024 | S124: 2024 To 2026
I125: Totals: | J125: =SUM(J95:J124) -> 28 | K125: =SUM(K95:K124) -> 30 | L125: =(SUM(K95:K124) - SUM(J95:J124)) / SUM(K95:K124) -> 0.066666667 | M125: =SUM(M95:M124) -> 75 | N125: =SUM(N95:N124) -> 73 | O125: =(SUM(M95:M124) - SUM(N95:N124)) / SUM(M95:M124) -> 0.026666667
A130: Special KPI: 2024
A131: December
A133: Project Name | B133: Work Order | C133: Sample Period Ending | D133: Month and Year | E133: Sample Release Date | F133: Last Sample Rec. Date | G133: Report Due Date | H133: Report Type | I133: Late | J133: Count Of Late WO | K133: Count of WO | L133: Percent WO on Time | M133: Count Of Samples | N133: Count of Late Samples | O133: Percent Samp on Time | P133: Year | Q133: Month | R133: Month_Year | S133: Year_Range
A134: TSSP | B134: Q-8435 | C134: 45629 | D134: 12/2024 | E134: 01/07/2025 | F134: 12/09/2024 | G134: 45639 | H134: Special | I134: Late | J134: 1 | K134: 1 | L134: 0 | M134: 2 | N134: 2 | O134: 0 | P134: 2024 | Q134: December | R134: 122024 | S134: 2024 To 2026
A135: TSSP | B135: Q-8426 | C135: 45629 | D135: 12/2024 | E135: 01/07/2025 | F135: 12/06/2024 | G135: 45639 | H135: Special | I135: Late | J135: 1 | K135: 1 | L135: 0 | M135: 2 | N135: 2 | O135: 0 | P135: 2024 | Q135: December | R135: 122024 | S135: 2024 To 2026
...

Sheet KPI_Monthly
A3: Monthly KPI: 2024
A4: July
A6: Project Name | B6: Work Order | C6: Sample Period Ending | D6: Month and Year | E6: Sample Release Date | F6: Last Sample Rec. Date | G6: Report Due Date | H6: Report Type | I6: Late | J6: Count Of Late WO | K6: Count of WO | L6: Percent WO on Time | M6: Count Of Samples | N6: Count of Late Samples | O6: Percent Samp on Time | P6: Year | Q6: Month | R6: Month_Year | S6: Year_Range | T6: Calculated | U6: Calculated
A7: TSSS | B7: Q-8296 | C7: 45487 | D7: 07/2024 | E7: 8/12/2024 | F7: 08/05/2024 | G7: 45516 | H7: Monthy | J7: 0 | K7: 1 | L7: 1 | M7: 135 | N7: 0 | O7: 1 | P7: 2024 | Q7: July | R7: 072024 | S7: 2024 To 2026 | T7: =SUMIFS($J$1:INDEX(J:J,ROW()-1),$I$1:INDEX(I:I,ROW()-1),"<>Totals:") -> 0 | U7: =SUMIFS($M$1:INDEX(M:M,ROW()),$I$1:INDEX(I:I,ROW()),"<>*Totals:*") -> 135
A8: TSTG | B8: Q-8292 | C8: 45488 | D8: 07/2024 | E8: 03/05/2025 | F8: 07/29/2024 | G8: 45517 | H8: Monthy | I8: Late | J8: 1 | K8: 1 | L8: 0 | M8: 4 | N8: 4 | O8: 0 | P8: 2024 | Q8: July | R8: 072024 | S8: 2024 To 2026 | T8: =SUMIFS($J$1:INDEX(J:J,ROW()-1),$I$1:INDEX(I:I,ROW()-1),"<>Totals:") -> 0 | U8: =SUMIFS($M$1:INDEX(M:M,ROW()),$I$1:INDEX(I:I,ROW()),"<>*Totals:*") -> 139
A9: TSSD | B9: Q-8292 | C9: 45488 | D9: 07/2024 | E9: 08/13/2024 | F9: 07/29/2024 | G9: 45517 | H9: Monthy | J9: 0 | K9: 1 | L9: 1 | M9: 1 | N9: 0 | O9: 1 | P9: 2024 | Q9: July | R9: 072024 | S9: 2024 To 2026 | T9: =SUMIFS($J$1:INDEX(J:J,ROW()-1),$I$1:INDEX(I:I,ROW()-1),"<>Totals:") -> 1 | U9: =SUMIFS($M$1:INDEX(M:M,ROW()),$I$1:INDEX(I:I,ROW()),"<>*Totals:*") -> 140
A10: TSTD | B10: Q-8291.3 | C10: 45489 | D10: 07/2024 | E10: 08/13/2024 | F10: 07/16/2024 | G10: 45518 | H10: Monthy | J10: 0 | K10: 1 | L10: 1 | M10: 2 | N10: 0 | O10: 1 | P10: 2024 | Q10: July | R10: 072024 | S10: 2024 To 2026 | T10: =SUMIFS($J$1:INDEX(J:J,ROW()-1),$I$1:INDEX(I:I,ROW()-1),"<>Totals:") -> 1 | U10: =SUMIFS($M$1:INDEX(M:M,ROW()),$I$1:INDEX(I:I,ROW()),"<>*Totals:*") -> 142
I11: Totals: | J11: =SUM(J7:J10) -> 1 | K11: =SUM(K7:K10) -> 4 | L11: =(SUM(K7:K10) - SUM(J7:J10)) / SUM(K7:K10) -> 0.75 | M11: =SUM(M7:M10) -> 142 | N11: =SUM(N7:N10) -> 4 | O11: =(SUM(M7:M10) - SUM(N7:N10)) / SUM(M7:M10) -> 0.97183099
I12: Run. Count of Late WO | L12: Run. Count of Samp.
I13: 1 | L13: 142
A16: Monthly KPI: 2024
A17: August
A19: Project Name | B19: Work Order | C19: Sample Period Ending | D19: Month and Year | E19: Sample Release Date | F19: Last Sample Rec. Date | G19: Report Due Date | H19: Report Type | I19: Late | J19: Count Of Late WO | K19: Count of WO | L19: Percent WO on Time | M19: Count Of Samples | N19: Count of Late Samples | O19: Percent Samp on Time | P19: Year | Q19: Month | R19: Month_Year | S19: Year_Range | T19: Calculated | U19: Calculated
A20: TSTD | B20: Q-8315 | C20: 45505 | D20: 08/2024 | E20: 09/10/2024 | F20: 08/23/2024 | G20: 45534 | H20: Monthy | I20: Late | J20: 1 | K20: 1 | L20: 0 | M20: 20 | N20: 20 | O20: 0 | P20: 2024 | Q20: August | R20: 082024 | S20: 2024 To 2026 | T20: =SUMIFS($J$1:INDEX(J:J,ROW()-1),$I$1:INDEX(I:I,ROW()-1),"<>Totals:") -> 1 | U20: =SUMIFS($M$1:INDEX(M:M,ROW()),$I$1:INDEX(I:I,ROW()),"<>*Totals:*") -> 162
A21: TSIV | B21: Q-8319.1 | C21: 45505 | D21: 08/2024 | E21: 09/10/2024 | F21: 08/26/2024 | G21: 45534 | H21: Monthy | I21: Late | J21: 1 | K21: 1 | L21: 0 | M21: 10 | N21: 10 | O21: 0 | P21: 2024 | Q21: August | R21: 082024 | S21: 2024 To 2026 | T21: =SUMIFS($J$1:INDEX(J:J,ROW()-1),$I$1:INDEX(I:I,ROW()-1),"<>Totals:") -> 2 | U21: =SUMIFS($M$1:INDEX(M:M,ROW()),$I$1:INDEX(I:I,ROW()),"<>*Totals:*") -> 172
A22: TSTE | B22: Q-8317 | C22: 45505 | D22: 08/2024 | E22: 09/10/2024 | F22: 08/26/2024 | G22: 45534 | H22: Monthy | I22: Late | J22: 1 | K22: 1 | L22: 0 | M22: 17 | N22: 17 | O22: 0 | P22: 2024 | Q22: August | R22: 082024 | S22: 2024 To 2026 | T22: =SUMIFS($J$1:INDEX(J:J,ROW()-1),$I$1:INDEX(I:I,ROW()-1),"<>Totals:") -> 3 | U22: =SUMIFS($M$1:INDEX(M:M,ROW()),$I$1:INDEX(I:I,ROW()),"<>*Totals:*") -> 189
A23: TSTE | B23: Q-8317.1 | C23: 45505 | D23: 08/2024 | E23: 09/10/2024 | F23: 08/22/2024 | G23: 45534 | H23: Monthy | I23: Late | J23: 1 | K23: 1 | L23: 0 | M23: 9 | N23: 9 | O23: 0 | P23: 2024 | Q23: August | R23: 082024 | S23: 2024 To 2026 | T23: =SUMIFS($J$1:INDEX(J:J,ROW()-1),$I$1:INDEX(I:I,ROW()-1),"<>Totals:") -> 4 | U23: =SUMIFS($M$1:INDEX(M:M,ROW()),$I$1:INDEX(I:I,ROW()),"<>*Totals:*") -> 198
A24: TSSD | B24: Q-8316 | C24: 45513 | D24: 08/2024 | E24: 09/17/2024 | F24: 09/10/2024 | G24: 45542 | H24: Monthy | I24: Late | J24: 1 | K24: 1 | L24: 0 | M24: 28 | N24: 28 | O24: 0 | P24: 2024 | Q24: August | R24: 082024 | S24: 2024 To 2026 | T24: =SUMIFS($J$1:INDEX(J:J,ROW()-1),$I$1:INDEX(I:I,ROW()-1),"<>Totals:") -> 5 | U24: =SUMIFS($M$1:INDEX(M:M,ROW()),$I$1:INDEX(I:I,ROW()),"<>*Totals:*") -> 226
A25: TSTG | B25: Q-8316 | C25: 45513 | D25: 08/2024 | E25: 03/05/2025 | F25: 09/12/2024 | G25: 45542 | H25: Monthy | I25: Late | J25: 1 | K25: 1 | L25: 0 | M25: 94 | N25: 94 | O25: 0 | P25: 2024 | Q25: August | R25: 082024 | S25: 2024 To 2026 | T25: =SUMIFS($J$1:INDEX(J:J,ROW()-1),$I$1:INDEX(I:I,ROW()-1),"<>Totals:") -> 6 | U25: =SUMIFS($M$1:INDEX(M:M,ROW()),$I$1:INDEX(I:I,ROW()),"<>*Totals:*") -> 320
A26: TSIF | B26: Q-8318 | C26: 45513 | D26: 08/2024 | E26: 09/03/2024 | F26: 08/15/2024 | G26: 45542 | H26: Monthy | J26: 0 | K26: 1 | L26: 1 | M26: 5 | N26: 0 | O26: 1 | P26: 2024 | Q26: August | R26: 082024 | S26: 2024 To 2026 | T26: =SUMIFS($J$1:INDEX(J:J,ROW()-1),$I$1:INDEX(I:I,ROW()-1),"<>Totals:") -> 7 | U26: =SUMIFS($M$1:INDEX(M:M,ROW()),$I$1:INDEX(I:I,ROW()),"<>*Totals:*") -> 325
A27: TSTH | B27: Q-8321 | C27: 45513 | D27: 08/2024 | E27: 09/03/2024 | F27: 08/15/2024 | G27: 45542 | H27: Monthy | J27: 0 | K27: 1 | L27: 1 | M27: 12 | N27: 0 | O27: 1 | P27: 2024 | Q27: August | R27: 082024 | S27: 2024 To 2026 | T27: =SUMIFS($J$1:INDEX(J:J,ROW()-1),$I$1:INDEX(I:I,ROW()-1),"<>Totals:") -> 7 | U27: =SUMIFS($M$1:INDEX(M:M,ROW()),$I$1:INDEX(I:I,ROW()),"<>*Totals:*") -> 337
A28: TSSS | B28: Q-8320 | C28: 45516 | D28: 08/2024 | E28: 9/10/2024 | F28: 08/30/2024 | G28: 45545 | H28: Monthy | J28: 0 | K28: 1 | L28: 1 | M28: 123 | N28: 0 | O28: 1 | P28: 2024 | Q28: August | R28: 082024 | S28: 2024 To 2026 | T28: =SUMIFS($J$1:INDEX(J:J,ROW()-1),$I$1:INDEX(I:I,ROW()-1),"<>Totals:") -> 7 | U28: =SUMIFS($M$1:INDEX(M:M,ROW()),$I$1:INDEX(I:I,ROW()),"<>*Totals:*") -> 460
A29: TSTG | B29: Q-8316 | C29: 45516 | D29: 08/2024 | E29: 03/05/2025 | F29: 09/12/2024 | G29: 45545 | H29: Monthy | I29: Late | J29: 1 | K29: 1 | L29: 0 | M29: 3 | N29: 3 | O29: 0 | P29: 2024 | Q29: August | R29: 082024 | S29: 2024 To 2026 | T29: =SUMIFS($J$1:INDEX(J:J,ROW()-1),$I$1:INDEX(I:I,ROW()-1),"<>Totals:") -> 7 | U29: =SUMIFS($M$1:INDEX(M:M,ROW()),$I$1:INDEX(I:I,ROW()),"<>*Totals:*") -> 463
A30: TSSD | B30: Q-8316 | C30: 45516 | D30: 08/2024 | E30: 09/17/2024 | F30: 09/10/2024 | G30: 45545 | H30: Monthy | I30: Late | J30: 1 | K30: 1 | L30: 0 | M30: 1 | N30: 1 | O30: 0 | P30: 2024 | Q30: August | R30: 082024 | S30: 2024 To 2026 | T30: =SUMIFS($J$1:INDEX(J:J,ROW()-1),$I$1:INDEX(I:I,ROW()-1),"<>Totals:") -> 8 | U30: =SUMIFS($M$1:INDEX(M:M,ROW()),$I$1:INDEX(I:I,ROW()),"<>*Totals:*") -> 464
A31: TSSS | B31: Q-8320.1 | C31: 45516 | D31: 08/2024 | E31: 03/05/2025 | F31: 08/14/2024 | G31: 45545 | H31: Monthy | I31: Late | J31: 1 | K31: 1 | L31: 0 | M31: 8 | N31: 8 | O31: 0 | P31: 2024 | Q31: August | R31: 082024 | S31: 2024 To 2026 | T31: =SUMIFS($J$1:INDEX(J:J,ROW()-1),$I$1:INDEX(I:I,ROW()-1),"<>Totals:") -> 9 | U31: =SUMIFS($M$1:INDEX(M:M,ROW()),$I$1:INDEX(I:I,ROW()),"<>*Totals:*") -> 472
A32: TSTE | B32: Q-8317.2 | C32: 45518 | D32: 08/2024 | E32: 09/10/2024 | F32: 08/19/2024 | G32: 45547 | H32: Monthy | J32: 0 | K32: 1 | L32: 1 | M32: 1 | N32: 0 | O32: 1 | P32: 2024 | Q32: August | R32: 082024 | S32: 2024 To 2026 | T32: =SUMIFS($J$1:INDEX(J:J,ROW()-1),$I$1:INDEX(I:I,ROW()-1),"<>Totals:") -> 10 | U32: =SUMIFS($M$1:INDEX(M:M,ROW()),$I$1:INDEX(I:I,ROW()),"<>*Totals:*") -> 473
A33: TSIV | B33: Q-8319.2 | C33: 45518 | D33: 08/2024 | E33: 09/10/2024 | F33: 08/28/2024 | G33: 45547 | H33: Monthy | J33: 0 | K33: 1 | L33: 1 | M33: 1 | N33: 0 | O33: 1 | P33: 2024 | Q33: August | R33: 082024 | S33: 2024 To 2026 | T33: =SUMIFS($J$1:INDEX(J:J,ROW()-1),$I$1:INDEX(I:I,ROW()-1),"<>Totals:") -> 10 | U33: =SUMIFS($M$1:INDEX(M:M,ROW()),$I$1:INDEX(I:I,ROW()),"<>*Totals:*") -> 474
A34: TSTE | B34: Q-8317.2 | C34: 45523 | D34: 08/2024 | E34: 09/10/2024 | F34: 08/19/2024 | G34: 45552 | H34: Monthy | J34: 0 | K34: 1 | L34: 1 | M34: 1 | N34: 0 | O34: 1 | P34: 2024 | Q34: August | R34: 082024 | S34: 2024 To 2026 | T34: =SUMIFS($J$1:INDEX(J:J,ROW()-1),$I$1:INDEX(I:I,ROW()-1),"<>Totals:") -> 10 | U34: =SUMIFS($M$1:INDEX(M:M,ROW()),$I$1:INDEX(I:I,ROW()),"<>*Totals:*") -> 475
A35: TSTG | B35: Q-8316 | C35: 45525 | D35: 08/2024 | E35: 03/05/2025 | F35: 09/12/2024 | G35: 45554 | H35: Monthy | I35: Late | J35: 1 | K35: 1 | L35: 0 | M35: 11 | N35: 11 | O35: 0 | P35: 2024 | Q35: August | R35: 082024 | S35: 2024 To 2026 | T35: =SUMIFS($J$1:INDEX(J:J,ROW()-1),$I$1:INDEX(I:I,ROW()-1),"<>Totals:") -> 10 | U35: =SUMIFS($M$1:INDEX(M:M,ROW()),$I$1:INDEX(I:I,ROW()),"<>*Totals:*") -> 486
A36: TSSD | B36: Q-8316 | C36: 45525 | D36: 08/2024 | E36: 09/17/2024 | F36: 09/10/2024 | G36: 45554 | H36: Monthy | J36: 0 | K36: 1 | L36: 1 | M36: 4 | N36: 0 | O36: 1 | P36: 2024 | Q36: August | R36: 082024 | S36: 2024 To 2026 | T36: =SUMIFS($J$1:INDEX(J:J,ROW()-1),$I$1:INDEX(I:I,ROW()-1),"<>Totals:") -> 11 | U36: =SUMIFS($M$1:INDEX(M:M,ROW()),$I$1:INDEX(I:I,ROW()),"<>*Totals:*") -> 490
A37: TSSS | B37: Q-8320 | C37: 45526 | D37: 08/2024 | E37: 03/05/2025 | F37: 08/30/2024 | G37: 45555 | H37: Monthy | I37: Late | J37: 1 | K37: 1 | L37: 0 | M37: 3 | N37: 3 | O37: 0 | P37: 2024 | Q37: August | R37: 082024 | S37: 2024 To 2026 | T37: =SUMIFS($J$1:INDEX(J:J,ROW()-1),$I$1:INDEX(I:I,ROW()-1),"<>Totals:") -> 11 | U37: =SUMIFS($M$1:INDEX(M:M,ROW()),$I$1:INDEX(I:I,ROW()),"<>*Totals:*") -> 493
A38: TSIV | B38: Q-8319.2 | C38: 45532 | D38: 08/2024 | E38: 09/10/2024 | F38: 08/28/2024 | G38: 45561 | H38: Monthy | J38: 0 | K38: 1 | L38: 1 | M38: 1 | N38: 0 | O38: 1 | P38: 2024 | Q38: August | R38: 082024 | S38: 2024 To 2026 | T38: =SUMIFS($J$1:INDEX(J:J,ROW()-1),$I$1:INDEX(I:I,ROW()-1),"<>Totals:") -> 12 | U38: =SUMIFS($M$1:INDEX(M:M,ROW()),$I$1:INDEX(I:I,ROW()),"<>*Totals:*") -> 494
A39: TSSD | B39: Q-8316 | C39: 45534 | D39: 08/2024 | E39: 09/17/2024 | F39: 09/10/2024 | G39: 45563 | H39: Monthy | J39: 0 | K39: 1 | L39: 1 | M39: 2 | N39: 0 | O39: 1 | P39: 2024 | Q39: August | R39: 082024 | S39: 2024 To 2026 | T39: =SUMIFS($J$1:INDEX(J:J,ROW()-1),$I$1:INDEX(I:I,ROW()-1),"<>Totals:") -> 12 | U39: =SUMIFS($M$1:INDEX(M:M,ROW()),$I$1:INDEX(I:I,ROW()),"<>*Totals:*") -> 496
A40: TSTG | B40: Q-8316 | C40: 45534 | D40: 08/2024 | E40: 03/05/2025 | F40: 09/12/2024 | G40: 45563 | H40: Monthy | I40: Late | J40: 1 | K40: 1 | L40: 0 | M40: 6 | N40: 6 | O40: 0 | P40: 2024 | Q40: August | R40: 082024 | S40: 2024 To 2026 | T40: =SUMIFS($J$1:INDEX(J:J,ROW()-1),$I$1:INDEX(I:I,ROW()-1),"<>Totals:") -> 12 | U40: =SUMIFS($M$1:INDEX(M:M,ROW()),$I$1:INDEX(I:I,ROW()),"<>*Totals:*") -> 502
A41: TSSS | B41: Q-8320 | C41: 45535 | D41: 08/2024 | E41: 03/05/2025 | F41: 08/30/2024 | G41: 45564 | H41: Monthy | I41: Late | J41: 1 | K41: 1 | L41: 0 | M41: 6 | N41: 6 | O41: 0 | P41: 2024 | Q41: August | R41: 082024 | S41: 2024 To 2026 | T41: =SUMIFS($J$1:INDEX(J:J,ROW()-1),$I$1:INDEX(I:I,ROW()-1),"<>Totals:") -> 13 | U41: =SUMIFS($M$1:INDEX(M:M,ROW()),$I$1:INDEX(I:I,ROW()),"<>*Totals:*") -> 508
I42: Totals: | J42: =SUM(J20:J41) -> 13 | K42: =SUM(K20:K41) -> 22 | L42: =(SUM(K20:K41) - SUM(J20:J41)) / SUM(K20:K41) -> 0.40909091 | M42: =SUM(M20:M41) -> 366 | N42: =SUM(N20:N41) -> 216 | O42: =(SUM(M20:M41) - SUM(N20:N41)) / SUM(M20:M41) -> 0.40983607
I43: Run. Count of Late WO | L43: Run. Count of Samp.
I44: 13 | L44: 508
A47: Monthly KPI: 2024
A48: September
A50: Project Name | B50: Work Order | C50: Sample Period Ending | D50: Month and Year | E50: Sample Release Date | F50: Last Sample Rec. Date | G50: Report Due Date | H50: Report Type | I50: Late | J50: Count Of Late WO | K50: Count of WO | L50: Percent WO on Time | M50: Count Of Samples | N50: Count of Late Samples | O50: Percent Samp on Time | P50: Year | Q50: Month | R50: Month_Year | S50: Year_Range | T50: Calculated | U50: Calculated
A51: TSTE | B51: Q-8339.1 | C51: 45536 | D51: 09/2024 | E51: 10/16/2024 | F51: 10/04/2024 | G51: 45565 | H51: Monthy | I51: Late | J51: 1 | K51: 1 | L51: 0 | M51: 10 | N51: 10 | O51: 0 | P51: 2024 | Q51: September | R51: 092024 | S51: 2024 To 2026 | T51: =SUMIFS($J$1:INDEX(J:J,ROW()-1),$I$1:INDEX(I:I,ROW()-1),"<>Totals:") -> 14 | U51: =SUMIFS($M$1:INDEX(M:M,ROW()),$I$1:INDEX(I:I,ROW()),"<>*Totals:*") -> 518
A52: TSTE | B52: Q-8339 | C52: 45536 | D52: 09/2024 | E52: 10/16/2024 | F52: 09/17/2024 | G52: 45565 | H52: Monthy | I52: Late | J52: 1 | K52: 1 | L52: 0 | M52: 16 | N52: 16 | O52: 0 | P52: 2024 | Q52: September | R52: 092024 | S52: 2024 To 2026 | T52: =SUMIFS($J$1:INDEX(J:J,ROW()-1),$I$1:INDEX(I:I,ROW()-1),"<>Totals:") -> 15 | U52: =SUMIFS($M$1:INDEX(M:M,ROW()),$I$1:INDEX(I:I,ROW()),"<>*Totals:*") -> 534
A53: TSIV | B53: Q-8341.2 | C53: 45537 | D53: 09/2024 | E53: 10/14/2024 | F53: 10/04/2024 | G53: 45566 | H53: Monthy | I53: Late | J53: 1 | K53: 1 | L53: 0 | M53: 4 | N53: 4 | O53: 0 | P53: 2024 | Q53: September | R53: 092024 | S53: 2024 To 2026 | T53: =SUMIFS($J$1:INDEX(J:J,ROW()-1),$I$1:INDEX(I:I,ROW()-1),"<>Totals:") -> 16 | U53: =SUMIFS($M$1:INDEX(M:M,ROW()),$I$1:INDEX(I:I,ROW()),"<>*Totals:*") -> 538
A54: TSIV | B54: Q-8341.3 | C54: 45537 | D54: 09/2024 | E54: 10/14/2024 | F54: 09/18/2024 | G54: 45566 | H54: Monthy | I54: Late | J54: 1 | K54: 1 | L54: 0 | M54: 1 | N54: 1 | O54: 0 | P54: 2024 | Q54: September | R54: 092024 | S54: 2024 To 2026 | T54: =SUMIFS($J$1:INDEX(J:J,ROW()-1),$I$1:INDEX(I:I,ROW()-1),"<>Totals:") -> 17 | U54: =SUMIFS($M$1:INDEX(M:M,ROW()),$I$1:INDEX(I:I,ROW()),"<>*Totals:*") -> 539
A55: TSTD | B55: Q-8337 | C55: 45537 | D55: 09/2024 | E55: 10/16/2024 | F55: 10/03/2024 | G55: 45566 | H55: Monthy | I55: Late | J55: 1 | K55: 1 | L55: 0 | M55: 30 | N55: 30 | O55: 0 | P55: 2024 | Q55: September | R55: 092024 | S55: 2024 To 2026 | T55: =SUMIFS($J$1:INDEX(J:J,ROW()-1),$I$1:INDEX(I:I,ROW()-1),"<>Totals:") -> 18 | U55: =SUMIFS($M$1:INDEX(M:M,ROW()),$I$1:INDEX(I:I,ROW()),"<>*Totals:*") -> 569
A56: TSIV | B56: Q-8341.1 | C56: 45537 | D56: 09/2024 | E56: 10/14/2024 | F56: 10/04/2024 | G56: 45566 | H56: Monthy | I56: Late | J56: 1 | K56: 1 | L56: 0 | M56: 14 | N56: 14 | O56: 0 | P56: 2024 | Q56: September | R56: 092024 | S56: 2024 To 2026 | T56: =SUMIFS($J$1:INDEX(J:J,ROW()-1),$I$1:INDEX(I:I,ROW()-1),"<>Totals:") -> 19 | U56: =SUMIFS($M$1:INDEX(M:M,ROW()),$I$1:INDEX(I:I,ROW()),"<>*Totals:*") -> 583
A57: TSTD | B57: Q-8337.3 | C57: 45538 | D57: 09/2024 | E57: 10/16/2024 | F57: 09/12/2024 | G57: 45567 | H57: Monthy | I57: Late | J57: 1 | K57: 1 | L57: 0 | M57: 1 | N57: 1 | O57: 0 | P57: 2024 | Q57: September | R57: 092024 | S57: 2024 To 2026 | T57: =SUMIFS($J$1:INDEX(J:J,ROW()-1),$I$1:INDEX(I:I,ROW()-1),"<>Totals:") -> 20 | U57: =SUMIFS($M$1:INDEX(M:M,ROW()),$I$1:INDEX(I:I,ROW()),"<>*Totals:*") -> 584
A58: TSIV | B58: Q-8341.4 | C58: 45544 | D58: 09/2024 | E58: 10/14/2024 | F58: 09/09/2024 | G58: 45573 | H58: Monthy | I58: Late | J58: 1 | K58: 1 | L58: 0 | M58: 1 | N58: 1 | O58: 0 | P58: 2024 | Q58: September | R58: 092024 | S58: 2024 To 2026 | T58: =SUMIFS($J$1:INDEX(J:J,ROW()-1),$I$1:INDEX(I:I,ROW()-1),"<>Totals:") -> 21 | U58: =SUMIFS($M$1:INDEX(M:M,ROW()),$I$1:INDEX(I:I,ROW()),"<>*Totals:*") -> 585
A59: TSIF | B59: Q-8340 | C59: 45544 | D59: 09/2024 | E59: 10/14/2024 | F59: 09/17/2024 | G59: 45573 | H59: Monthy | I59: Late | J59: 1 | K59: 1 | L59: 0 | M59: 5 | N59: 5 | O59: 0 | P59: 2024 | Q59: September | R59: 092024 | S59: 2024 To 2026 | T59: =SUMIFS($J$1:INDEX(J:J,ROW()-1),$I$1:INDEX(I:I,ROW()-1),"<>Totals:") -> 22 | U59: =SUMIFS($M$1:INDEX(M:M,ROW()),$I$1:INDEX(I:I,ROW()),"<>*Totals:*") -> 590
A60: TSTG | B60: Q-8338 | C60: 45544 | D60: 09/2024 | E60: 10/8/2024 | F60: 09/23/2024 | G60: 45573 | H60: Monthy | J60: 0 | K60: 1 | L60: 1 | M60: 103 | N60: 0 | O60: 1 | P60: 2024 | Q60: September | R60: 092024 | S60: 2024 To 2026 | T60: =SUMIFS($J$1:INDEX(J:J,ROW()-1),$I$1:INDEX(I:I,ROW()-1),"<>Totals:") -> 23 | U60: =SUMIFS($M$1:INDEX(M:M,ROW()),$I$1:INDEX(I:I,ROW()),"<>*Totals:*") -> 693
A61: TSSD | B61: Q-8338 | C61: 45544 | D61: 09/2024 | E61: 10/14/2024 | F61: 09/23/2024 | G61: 45573 | H61: Monthy | I61: Late | J61: 1 | K61: 1 | L61: 0 | M61: 27 | N61: 27 | O61: 0 | P61: 2024 | Q61: September | R61: 092024 | S61: 2024 To 2026 | T61: =SUMIFS($J$1:INDEX(J:J,ROW()-1),$I$1:INDEX(I:I,ROW()-1),"<>Totals:") -> 23 | U61: =SUMIFS($M$1:INDEX(M:M,ROW()),$I$1:INDEX(I:I,ROW()),"<>*Totals:*") -> 720
A62: TSSD | B62: Q-8338 | C62: 45547 | D62: 09/2024 | E62: 10/14/2024 | F62: 09/23/2024 | G62: 45576 | H62: Monthy | I62: Late | J62: 1 | K62: 1 | L62: 0 | M62: 1 | N62: 1 | O62: 0 | P62: 2024 | Q62: September | R62: 092024 | S62: 2024 To 2026 | T62: =SUMIFS($J$1:INDEX(J:J,ROW()-1),$I$1:INDEX(I:I,ROW()-1),"<>Totals:") -> 24 | U62: =SUMIFS($M$1:INDEX(M:M,ROW()),$I$1:INDEX(I:I,ROW()),"<>*Totals:*") -> 721
A63: TSSS | B63: Q-8342 | C63: 45547 | D63: 09/2024 | E63: 10/11/2024 | F63: 09/24/2024 | G63: 45576 | H63: Monthy | J63: 0 | K63: 1 | L63: 1 | M63: 132 | N63: 0 | O63: 1 | P63: 2024 | Q63: September | R63: 092024 | S63: 2024 To 2026 | T63: =SUMIFS($J$1:INDEX(J:J,ROW()-1),$I$1:INDEX(I:I,ROW()-1),"<>Totals:") -> 25 | U63: =SUMIFS($M$1:INDEX(M:M,ROW()),$I$1:INDEX(I:I,ROW()),"<>*Totals:*") -> 853
A64: TSTG | B64: Q-8338 | C64: 45547 | D64: 09/2024 | E64: 03/05/2025 | F64: 09/23/2024 | G64: 45576 | H64: Monthy | I64: Late | J64: 1 | K64: 1 | L64: 0 | M64: 6 | N64: 6 | O64: 0 | P64: 2024 | Q64: September | R64: 092024 | S64: 2024 To 2026 | T64: =SUMIFS($J$1:INDEX(J:J,ROW()-1),$I$1:INDEX(I:I,ROW()-1),"<>Totals:") -> 25 | U64: =SUMIFS($M$1:INDEX(M:M,ROW()),$I$1:INDEX(I:I,ROW()),"<>*Totals:*") -> 859
A65: TSTD | B65: Q-8337.3 | C65: 45547 | D65: 09/2024 | E65: 10/16/2024 | F65: 09/12/2024 | G65: 45576 | H65: Monthy | I65: Late | J65: 1 | K65: 1 | L65: 0 | M65: 1 | N65: 1 | O65: 0 | P65: 2024 | Q65: September | R65: 092024 | S65: 2024 To 2026 | T65: =SUMIFS($J$1:INDEX(J:J,ROW()-1),$I$1:INDEX(I:I,ROW()-1),"<>Totals:") -> 26 | U65: =SUMIFS($M$1:INDEX(M:M,ROW()),$I$1:INDEX(I:I,ROW()),"<>*Totals:*") -> 860
A66: TSTG | B66: Q-8338.1 | C66: 45565 | D66: 09/2024 | E66: 03/05/2025 | F66: 10/25/2024 | G66: 45594 | H66: Monthy | I66: Late | J66: 1 | K66: 1 | L66: 0 | M66: 2 | N66: 2 | O66: 0 | P66: 2024 | Q66: September | R66: 092024 | S66: 2024 To 2026 | T66: =SUMIFS($J$1:INDEX(J:J,ROW()-1),$I$1:INDEX(I:I,ROW()-1),"<>Totals:") -> 27 | U66: =SUMIFS($M$1:INDEX(M:M,ROW()),$I$1:INDEX(I:I,ROW()),"<>*Totals:*") -> 862
I67: Totals: | J67: =SUM(J51:J66) -> 14 | K67: =SUM(K51:K66) -> 16 | L67: =(SUM(K51:K66) - SUM(J51:J66)) / SUM(K51:K66) -> 0.125 | M67: =SUM(M51:M66) -> 354 | N67: =SUM(N51:N66) -> 119 | O67: =(SUM(M51:M66) - SUM(N51:N66)) / SUM(M51:M66) -> 0.66384181
I68: Run. Count of Late WO | L68: Run. Count of Samp.
I69: 27 | L69: 862
A72: Monthly KPI: 2024
A73: October
A75: Project Name | B75: Work Order | C75: Sample Period Ending | D75: Month and Year | E75: Sample Release Date | F75: Last Sample Rec. Date | G75: Report Due Date | H75: Report Type | I75: Late | J75: Count Of Late WO | K75: Count of WO | L75: Percent WO on Time | M75: Count Of Samples | N75: Count of Late Samples | O75: Percent Samp on Time | P75: Year | Q75: Month | R75: Month_Year | S75: Year_Range | T75: Calculated | U75: Calculated
A76: TSTE | B76: Q-8361.1 | C76: 45566 | D76: 10/2024 | E76: 11/05/2024 | F76: 10/28/2024 | G76: 45595 | H76: Monthy | I76: Late | J76: 1 | K76: 1 | L76: 0 | M76: 9 | N76: 9 | O76: 0 | P76: 2024 | Q76: October | R76: 102024 | S76: 2024 To 2026 | T76: =SUMIFS($J$1:INDEX(J:J,ROW()-1),$I$1:INDEX(I:I,ROW()-1),"<>Totals:") -> 28 | U76: =SUMIFS($M$1:INDEX(M:M,ROW()),$I$1:INDEX(I:I,ROW()),"<>*Totals:*") -> 871
A77: TSIV | B77: Q-8363.1 | C77: 45566 | D77: 10/2024 | E77: 11/07/2024 | F77: 11/01/2024 | G77: 45595 | H77: Monthy | I77: Late | J77: 1 | K77: 1 | L77: 0 | M77: 15 | N77: 15 | O77: 0 | P77: 2024 | Q77: October | R77: 102024 | S77: 2024 To 2026 | T77: =SUMIFS($J$1:INDEX(J:J,ROW()-1),$I$1:INDEX(I:I,ROW()-1),"<>Totals:") -> 29 | U77: =SUMIFS($M$1:INDEX(M:M,ROW()),$I$1:INDEX(I:I,ROW()),"<>*Totals:*") -> 886
A78: TSIV | B78: Q-8363.2 | C78: 45566 | D78: 10/2024 | E78: 11/07/2024 | F78: 10/22/2024 | G78: 45595 | H78: Monthy | I78: Late | J78: 1 | K78: 1 | L78: 0 | M78: 4 | N78: 4 | O78: 0 | P78: 2024 | Q78: October | R78: 102024 | S78: 2024 To 2026 | T78: =SUMIFS($J$1:INDEX(J:J,ROW()-1),$I$1:INDEX(I:I,ROW()-1),"<>Totals:") -> 30 | U78: =SUMIFS($M$1:INDEX(M:M,ROW()),$I$1:INDEX(I:I,ROW()),"<>*Totals:*") -> 890
A79: TSTE | B79: Q-8361 | C79: 45566 | D79: 10/2024 | E79: 11/05/2024 | F79: 10/25/2024 | G79: 45595 | H79: Monthy | I79: Late | J79: 1 | K79: 1 | L79: 0 | M79: 17 | N79: 17 | O79: 0 | P79: 2024 | Q79: October | R79: 102024 | S79: 2024 To 2026 | T79: =SUMIFS($J$1:INDEX(J:J,ROW()-1),$I$1:INDEX(I:I,ROW()-1),"<>Totals:") -> 31 | U79: =SUMIFS($M$1:INDEX(M:M,ROW()),$I$1:INDEX(I:I,ROW()),"<>*Totals:*") -> 907
A80: TSTD | B80: Q-8359 | C80: 45566 | D80: 10/2024 | E80: 11/07/2024 | F80: 10/28/2024 | G80: 45595 | H80: Monthy | I80: Late | J80: 1 | K80: 1 | L80: 0 | M80: 19 | N80: 19 | O80: 0 | P80: 2024 | Q80: October | R80: 102024 | S80: 2024 To 2026 | T80: =SUMIFS($J$1:INDEX(J:J,ROW()-1),$I$1:INDEX(I:I,ROW()-1),"<>Totals:") -> 32 | U80: =SUMIFS($M$1:INDEX(M:M,ROW()),$I$1:INDEX(I:I,ROW()),"<>*Totals:*") -> 926
A81: TSIV | B81: Q-8363.3 | C81: 45572 | D81: 10/2024 | E81: 11/07/2024 | F81: 10/28/2024 | G81: 45601 | H81: Monthy | I81: Late | J81: 1 | K81: 1 | L81: 0 | M81: 1 | N81: 1 | O81: 0 | P81: 2024 | Q81: October | R81: 102024 | S81: 2024 To 2026 | T81: =SUMIFS($J$1:INDEX(J:J,ROW()-1),$I$1:INDEX(I:I,ROW()-1),"<>Totals:") -> 33 | U81: =SUMIFS($M$1:INDEX(M:M,ROW()),$I$1:INDEX(I:I,ROW()),"<>*Totals:*") -> 927
A82: TSTE | B82: Q-8361.2 | C82: 45572 | D82: 10/2024 | E82: 11/05/2024 | F82: 10/11/2024 | G82: 45601 | H82: Monthy | J82: 0 | K82: 1 | L82: 1 | M82: 1 | N82: 0 | O82: 1 | P82: 2024 | Q82: October | R82: 102024 | S82: 2024 To 2026 | T82: =SUMIFS($J$1:INDEX(J:J,ROW()-1),$I$1:INDEX(I:I,ROW()-1),"<>Totals:") -> 34 | U82: =SUMIFS($M$1:INDEX(M:M,ROW()),$I$1:INDEX(I:I,ROW()),"<>*Totals:*") -> 928
A83: TSTG | B83: Q-8360 | C83: 45575 | D83: 10/2024 | E83: 03/05/2025 | F83: 11/06/2024 | G83: 45604 | H83: Monthy | I83: Late | J83: 1 | K83: 1 | L83: 0 | M83: 98 | N83: 98 | O83: 0 | P83: 2024 | Q83: October | R83: 102024 | S83: 2024 To 2026 | T83: =SUMIFS($J$1:INDEX(J:J,ROW()-1),$I$1:INDEX(I:I,ROW()-1),"<>Totals:") -> 34 | U83: =SUMIFS($M$1:INDEX(M:M,ROW()),$I$1:INDEX(I:I,ROW()),"<>*Totals:*") -> 1026
A84: TSIF | B84: Q-8362 | C84: 45575 | D84: 10/2024 | E84: 11/05/2024 | F84: 10/16/2024 | G84: 45604 | H84: Monthy | J84: 0 | K84: 1 | L84: 1 | M84: 5 | N84: 0 | O84: 1 | P84: 2024 | Q84: October | R84: 102024 | S84: 2024 To 2026 | T84: =SUMIFS($J$1:INDEX(J:J,ROW()-1),$I$1:INDEX(I:I,ROW()-1),"<>Totals:") -> 35 | U84: =SUMIFS($M$1:INDEX(M:M,ROW()),$I$1:INDEX(I:I,ROW()),"<>*Totals:*") -> 1031
A85: TSSD | B85: Q-8360 | C85: 45575 | D85: 10/2024 | E85: 11/14/2024 | F85: 11/06/2024 | G85: 45604 | H85: Monthy | I85: Late | J85: 1 | K85: 1 | L85: 0 | M85: 29 | N85: 29 | O85: 0 | P85: 2024 | Q85: October | R85: 102024 | S85: 2024 To 2026 | T85: =SUMIFS($J$1:INDEX(J:J,ROW()-1),$I$1:INDEX(I:I,ROW()-1),"<>Totals:") -> 35 | U85: =SUMIFS($M$1:INDEX(M:M,ROW()),$I$1:INDEX(I:I,ROW()),"<>*Totals:*") -> 1060
A86: TSTH | B86: Q-8365 | C86: 45575 | D86: 10/2024 | E86: 11/07/2024 | F86: 10/14/2024 | G86: 45604 | H86: Monthy | J86: 0 | K86: 1 | L86: 1 | M86: 12 | N86: 0 | O86: 1 | P86: 2024 | Q86: October | R86: 102024 | S86: 2024 To 2026 | T86: =SUMIFS($J$1:INDEX(J:J,ROW()-1),$I$1:INDEX(I:I,ROW()-1),"<>Totals:") -> 36 | U86: =SUMIFS($M$1:INDEX(M:M,ROW()),$I$1:INDEX(I:I,ROW()),"<>*Totals:*") -> 1072
A87: TSSD | B87: Q-8360 | C87: 45576 | D87: 10/2024 | E87: 11/14/2024 | F87: 11/06/2024 | G87: 45605 | H87: Monthy | I87: Late | J87: 1 | K87: 1 | L87: 0 | M87: 2 | N87: 2 | O87: 0 | P87: 2024 | Q87: October | R87: 102024 | S87: 2024 To 2026 | T87: =SUMIFS($J$1:INDEX(J:J,ROW()-1),$I$1:INDEX(I:I,ROW()-1),"<>Totals:") -> 36 | U87: =SUMIFS($M$1:INDEX(M:M,ROW()),$I$1:INDEX(I:I,ROW()),"<>*Totals:*") -> 1074
A88: TSTE | B88: Q-8361.2 | C88: 45576 | D88: 10/2024 | E88: 11/05/2024 | F88: 10/11/2024 | G88: 45605 | H88: Monthy | J88: 0 | K88: 1 | L88: 1 | M88: 1 | N88: 0 | O88: 1 | P88: 2024 | Q88: October | R88: 102024 | S88: 2024 To 2026 | T88: =SUMIFS($J$1:INDEX(J:J,ROW()-1),$I$1:INDEX(I:I,ROW()-1),"<>Totals:") -> 37 | U88: =SUMIFS($M$1:INDEX(M:M,ROW()),$I$1:INDEX(I:I,ROW()),"<>*Totals:*") -> 1075
A89: TSTG | B89: Q-8360 | C89: 45576 | D89: 10/2024 | E89: 03/05/2025 | F89: 11/06/2024 | G89: 45605 | H89: Monthy | I89: Late | J89: 1 | K89: 1 | L89: 0 | M89: 5 | N89: 5 | O89: 0 | P89: 2024 | Q89: October | R89: 102024 | S89: 2024 To 2026 | T89: =SUMIFS($J$1:INDEX(J:J,ROW()-1),$I$1:INDEX(I:I,ROW()-1),"<>Totals:") -> 37 | U89: =SUMIFS($M$1:INDEX(M:M,ROW()),$I$1:INDEX(I:I,ROW()),"<>*Totals:*") -> 1080
A90: TSSS | B90: Q-8364 | C90: 45577 | D90: 10/2024 | E90: 11/10/2024 | F90: 11/04/2024 | G90: 45606 | H90: Monthy | J90: 0 | K90: 1 | L90: 1 | M90: 144 | N90: 0 | O90: 1 | P90: 2024 | Q90: October | R90: 102024 | S90: 2024 To 2026 | T90: =SUMIFS($J$1:INDEX(J:J,ROW()-1),$I$1:INDEX(I:I,ROW()-1),"<>Totals:") -> 38 | U90: =SUMIFS($M$1:INDEX(M:M,ROW()),$I$1:INDEX(I:I,ROW()),"<>*Totals:*") -> 1224
A91: TSTG | B91: Q-8360 | C91: 45581 | D91: 10/2024 | E91: 03/05/2025 | F91: 11/06/2024 | G91: 45610 | H91: Monthy | I91: Late | J91: 1 | K91: 1 | L91: 0 | M91: 4 | N91: 4 | O91: 0 | P91: 2024 | Q91: October | R91: 102024 | S91: 2024 To 2026 | T91: =SUMIFS($J$1:INDEX(J:J,ROW()-1),$I$1:INDEX(I:I,ROW()-1),"<>Totals:") -> 38 | U91: =SUMIFS($M$1:INDEX(M:M,ROW()),$I$1:INDEX(I:I,ROW()),"<>*Totals:*") -> 1228
A92: TSSD | B92: Q-8360 | C92: 45581 | D92: 10/2024 | E92: 11/14/2024 | F92: 11/06/2024 | G92: 45610 | H92: Monthy | J92: 0 | K92: 1 | L92: 1 | M92: 1 | N92: 0 | O92: 1 | P92: 2024 | Q92: October | R92: 102024 | S92: 2024 To 2026 | T92: =SUMIFS($J$1:INDEX(J:J,ROW()-1),$I$1:INDEX(I:I,ROW()-1),"<>Totals:") -> 39 | U92: =SUMIFS($M$1:INDEX(M:M,ROW()),$I$1:INDEX(I:I,ROW()),"<>*Totals:*") -> 1229
A93: TSSD | B93: Q-8360 | C93: 45584 | D93: 10/2024 | E93: 11/14/2024 | F93: 11/06/2024 | G93: 45613 | H93: Monthy | J93: 0 | K93: 1 | L93: 1 | M93: 3 | N93: 0 | O93: 1 | P93: 2024 | Q93: October | R93: 102024 | S93: 2024 To 2026 | T93: =SUMIFS($J$1:INDEX(J:J,ROW()-1),$I$1:INDEX(I:I,ROW()-1),"<>Totals:") -> 39 | U93: =SUMIFS($M$1:INDEX(M:M,ROW()),$I$1:INDEX(I:I,ROW()),"<>*Totals:*") -> 1232
A94: TSTG | B94: Q-8360 | C94: 45584 | D94: 10/2024 | E94: 03/05/2025 | F94: 11/06/2024 | G94: 45613 | H94: Monthy | I94: Late | J94: 1 | K94: 1 | L94: 0 | M94: 8 | N94: 8 | O94: 0 | P94: 2024 | Q94: October | R94: 102024 | S94: 2024 To 2026 | T94: =SUMIFS($J$1:INDEX(J:J,ROW()-1),$I$1:INDEX(I:I,ROW()-1),"<>Totals:") -> 39 | U94: =SUMIFS($M$1:INDEX(M:M,ROW()),$I$1:INDEX(I:I,ROW()),"<>*Totals:*") -> 1240
A95: TSIV | B95: Q-8363.3 | C95: 45587 | D95: 10/2024 | E95: 11/07/2024 | F95: 10/28/2024 | G95: 45616 | H95: Monthy | J95: 0 | K95: 1 | L95: 1 | M95: 1 | N95: 0 | O95: 1 | P95: 2024 | Q95: October | R95: 102024 | S95: 2024 To 2026 | T95: =SUMIFS($J$1:INDEX(J:J,ROW()-1),$I$1:INDEX(I:I,ROW()-1),"<>Totals:") -> 40 | U95: =SUMIFS($M$1:INDEX(M:M,ROW()),$I$1:INDEX(I:I,ROW()),"<>*Totals:*") -> 1241
A96: TSTD | B96: Q-8388.3 | C96: 45589 | D96: 10/2024 | E96: 12/17/2024 | F96: 10/28/2024 | G96: 45618 | H96: Monthy | I96: Late | J96: 1 | K96: 1 | L96: 0 | M96: 1 | N96: 1 | O96: 0 | P96: 2024 | Q96: October | R96: 102024 | S96: 2024 To 2026 | T96: =SUMIFS($J$1:INDEX(J:J,ROW()-1),$I$1:INDEX(I:I,ROW()-1),"<>Totals:") -> 40 | U96: =SUMIFS($M$1:INDEX(M:M,ROW()),$I$1:INDEX(I:I,ROW()),"<>*Totals:*") -> 1242
A97: TSIV | B97: Q-8363.4 | C97: 45590 | D97: 10/2024 | E97: 11/07/2024 | F97: 10/25/2024 | G97: 45619 | H97: Monthy | J97: 0 | K97: 1 | L97: 1 | M97: 1 | N97: 0 | O97: 1 | P97: 2024 | Q97: October | R97: 102024 | S97: 2024 To 2026 | T97: =SUMIFS($J$1:INDEX(J:J,ROW()-1),$I$1:INDEX(I:I,ROW()-1),"<>Totals:") -> 41 | U97: =SUMIFS($M$1:INDEX(M:M,ROW()),$I$1:INDEX(I:I,ROW()),"<>*Totals:*") -> 1243
A98: TSTD | B98: Q-8359.1 | C98: 45593 | D98: 10/2024 | E98: 11/07/2024 | F98: 10/28/2024 | G98: 45622 | H98: Monthy | J98: 0 | K98: 1 | L98: 1 | M98: 1 | N98: 0 | O98: 1 | P98: 2024 | Q98: October | R98: 102024 | S98: 2024 To 2026 | T98: =SUMIFS($J$1:INDEX(J:J,ROW()-1),$I$1:INDEX(I:I,ROW()-1),"<>Totals:") -> 41 | U98: =SUMIFS($M$1:INDEX(M:M,ROW()),$I$1:INDEX(I:I,ROW()),"<>*Totals:*") -> 1244
A99: TSIV | B99: Q-8363.3 | C99: 45593 | D99: 10/2024 | E99: 11/07/2024 | F99: 10/28/2024 | G99: 45622 | H99: Monthy | J99: 0 | K99: 1 | L99: 1 | M99: 1 | N99: 0 | O99: 1 | P99: 2024 | Q99: October | R99: 102024 | S99: 2024 To 2026 | T99: =SUMIFS($J$1:INDEX(J:J,ROW()-1),$I$1:INDEX(I:I,ROW()-1),"<>Totals:") -> 41 | U99: =SUMIFS($M$1:INDEX(M:M,ROW()),$I$1:INDEX(I:I,ROW()),"<>*Totals:*") -> 1245
A100: TSTD | B100: Q-8388.3 | C100: 45593 | D100: 10/2024 | E100: 12/17/2024 | F100: 10/28/2024 | G100: 45622 | H100: Monthy | I100: Late | J100: 1 | K100: 1 | L100: 0 | M100: 1 | N100: 1 | O100: 0 | P100: 2024 | Q100: October | R100: 102024 | S100: 2024 To 2026 | T100: =SUMIFS($J$1:INDEX(J:J,ROW()-1),$I$1:INDEX(I:I,ROW()-1),"<>Totals:") -> 41 | U100: =SUMIFS($M$1:INDEX(M:M,ROW()),$I$1:INDEX(I:I,ROW()),"<>*Totals:*") -> 1246
I101: Totals: | J101: =SUM(J76:J100) -> 14 | K101: =SUM(K76:K100) -> 25 | L101: =(SUM(K76:K100) - SUM(J76:J100)) / SUM(K76:K100) -> 0.44 | M101: =SUM(M76:M100) -> 384 | N101: =SUM(N76:N100) -> 213 | O101: =(SUM(M76:M100) - SUM(N76:N100)) / SUM(M76:M100) -> 0.4453125
I102: Run. Count of Late WO | L102: Run. Count of Samp.
I103: 41 | L103: 1246
A106: Monthly KPI: 2024
A107: November
A109: Project Name | B109: Work Order | C109: Sample Period Ending | D109: Month and Year | E109: Sample Release Date | F109: Last Sample Rec. Date | G109: Report Due Date | H109: Report Type | I109: Late | J109: Count Of Late WO | K109: Count of WO | L109: Percent WO on Time | M109: Count Of Samples | N109: Count of Late Samples | O109: Percent Samp on Time | P109: Year | Q109: Month | R109: Month_Year | S109: Year_Range | T109: Calculated | U109: Calculated
A110: TSTE | B110: Q-8390 | C110: 45597 | D110: 11/2024 | E110: 12/17/2024 | F110: 11/25/2024 | G110: 45626 | H110: Monthy | I110: Late | J110: 1 | K110: 1 | L110: 0 | M110: 16 | N110: 16 | O110: 0 | P110: 2024 | Q110: November | R110: 112024 | S110: 2024 To 2026 | T110: =SUMIFS($J$1:INDEX(J:J,ROW()-1),$I$1:INDEX(I:I,ROW()-1),"<>Totals:") -> 42 | U110: =SUMIFS($M$1:INDEX(M:M,ROW()),$I$1:INDEX(I:I,ROW()),"<>*Totals:*") -> 1262
A111: TSTE | B111: Q-8390.1 | C111: 45597 | D111: 11/2024 | E111: 12/17/2024 | F111: 11/27/2024 | G111: 45626 | H111: Monthy | I111: Late | J111: 1 | K111: 1 | L111: 0 | M111: 10 | N111: 10 | O111: 0 | P111: 2024 | Q111: November | R111: 112024 | S111: 2024 To 2026 | T111: =SUMIFS($J$1:INDEX(J:J,ROW()-1),$I$1:INDEX(I:I,ROW()-1),"<>Totals:") -> 43 | U111: =SUMIFS($M$1:INDEX(M:M,ROW()),$I$1:INDEX(I:I,ROW()),"<>*Totals:*") -> 1272
A112: TSTD | B112: Q-8388 | C112: 45597 | D112: 11/2024 | E112: 12/17/2024 | F112: 11/25/2024 | G112: 45626 | H112: Monthy | I112: Late | J112: 1 | K112: 1 | L112: 0 | M112: 30 | N112: 30 | O112: 0 | P112: 2024 | Q112: November | R112: 112024 | S112: 2024 To 2026 | T112: =SUMIFS($J$1:INDEX(J:J,ROW()-1),$I$1:INDEX(I:I,ROW()-1),"<>Totals:") -> 44 | U112: =SUMIFS($M$1:INDEX(M:M,ROW()),$I$1:INDEX(I:I,ROW()),"<>*Totals:*") -> 1302
A113: TSIV | B113: Q-8392 | C113: 45597 | D113: 11/2024 | G113: 45626 | H113: Monthy | I113: Unknown | J113: 0 | K113: 1 | L113: 1 | M113: 1 | N113: 0 | O113: 1 | P113: 2024 | Q113: November | R113: 112024 | S113: 2024 To 2026 | T113: =SUMIFS($J$1:INDEX(J:J,ROW()-1),$I$1:INDEX(I:I,ROW()-1),"<>Totals:") -> 45 | U113: =SUMIFS($M$1:INDEX(M:M,ROW()),$I$1:INDEX(I:I,ROW()),"<>*Totals:*") -> 1303
A114: TSIV | B114: Q-8392.1 | C114: 45597 | D114: 11/2024 | E114: 12/17/2024 | F114: 11/25/2024 | G114: 45626 | H114: Monthy | I114: Late | J114: 1 | K114: 1 | L114: 0 | M114: 2 | N114: 2 | O114: 0 | P114: 2024 | Q114: November | R114: 112024 | S114: 2024 To 2026 | T114: =SUMIFS($J$1:INDEX(J:J,ROW()-1),$I$1:INDEX(I:I,ROW()-1),"<>Totals:") -> 45 | U114: =SUMIFS($M$1:INDEX(M:M,ROW()),$I$1:INDEX(I:I,ROW()),"<>*Totals:*") -> 1305
A115: TSIV | B115: Q-8392.3 | C115: 45597 | D115: 11/2024 | E115: 12/17/2024 | F115: 11/04/2024 | G115: 45626 | H115: Monthy | I115: Late | J115: 1 | K115: 1 | L115: 0 | M115: 1 | N115: 1 | O115: 0 | P115: 2024 | Q115: November | R115: 112024 | S115: 2024 To 2026 | T115: =SUMIFS($J$1:INDEX(J:J,ROW()-1),$I$1:INDEX(I:I,ROW()-1),"<>Totals:") -> 46 | U115: =SUMIFS($M$1:INDEX(M:M,ROW()),$I$1:INDEX(I:I,ROW()),"<>*Totals:*") -> 1306
...
